gvkeyx,bkvlps,cshtrm,dvpsxm,dvrate,epsx12,prccm,prchm,prclm,datadate,conm,indextype,tic,spii,spmi,indexcat
000005,,,6.0100,70.6800,133.0490,1958.2200,2075.2698,1845.9900,31JAN1988,Dow Jones Industrials-30 Stk,NONE,I0005,,,DOW
000005,,,6.0100,70.6800,133.0490,2071.6199,2078.0798,1878.1499,29FEB1988,Dow Jones Industrials-30 Stk,NONE,I0005,,,DOW
000005,,,6.0100,72.1200,144.4490,1988.0598,2110.9099,1951.2598,31MAR1988,Dow Jones Industrials-30 Stk,NONE,I0005,,,DOW
000005,,,6.7300,72.1200,144.4490,2032.3298,2121.3499,1968.0000,30APR1988,Dow Jones Industrials-30 Stk,NONE,I0005,,,DOW
000005,,,6.7300,72.1200,144.4490,2031.1199,2071.9500,1921.5798,31MAY1988,Dow Jones Industrials-30 Stk,NONE,I0005,,,DOW
000005,,,6.7300,80.7600,168.5400,2141.7100,2169.0999,2021.3398,30JUN1988,Dow Jones Industrials-30 Stk,NONE,I0005,,,DOW
000005,,,6.8500,80.7600,168.5400,2128.7300,2169.4500,2047.2998,31JUL1988,Dow Jones Industrials-30 Stk,NONE,I0005,,,DOW
000005,,,6.8500,80.7600,168.5400,2031.6499,2151.8499,1978.6599,31AUG1988,Dow Jones Industrials-30 Stk,NONE,I0005,,,DOW
000005,,,6.8500,82.2000,181.0400,2112.9099,2140.2898,1988.4399,30SEP1988,Dow Jones Industrials-30 Stk,NONE,I0005,,,DOW
000005,,,6.9300,82.2000,181.0400,2148.6499,2195.0598,2082.3298,31OCT1988,Dow Jones Industrials-30 Stk,NONE,I0005,,,DOW
000005,,,6.9300,82.2000,181.0400,2114.5098,2185.9900,2026.6699,30NOV1988,Dow Jones Industrials-30 Stk,NONE,I0005,,,DOW
000005,1075.0000,,6.9300,83.1600,215.4600,2168.5698,2193.7500,2075.3899,31DEC1988,Dow Jones Industrials-30 Stk,NONE,I0005,,,DOW
000005,,,7.5500,83.1600,215.4600,2342.3198,2350.1799,2127.1399,31JAN1989,Dow Jones Industrials-30 Stk,NONE,I0005,,,DOW
000005,,,7.5500,83.1600,215.4600,2258.3899,2369.2898,2232.1399,28FEB1989,Dow Jones Industrials-30 Stk,NONE,I0005,,,DOW
000005,,,7.5500,90.6000,229.7500,2293.6199,2351.0698,2234.4600,31MAR1989,Dow Jones Industrials-30 Stk,NONE,I0005,,,DOW
000005,,,9.3800,90.6000,229.7500,2418.7998,2433.0999,2282.0698,30APR1989,Dow Jones Industrials-30 Stk,NONE,I0005,,,DOW
000005,,,9.3800,90.6000,229.7500,2480.1499,2521.6299,2356.2998,31MAY1989,Dow Jones Industrials-30 Stk,NONE,I0005,,,DOW
000005,,,9.3800,112.5600,226.5200,2440.0598,2544.9500,2412.9399,30JUN1989,Dow Jones Industrials-30 Stk,NONE,I0005,,,DOW
000005,,,9.5700,112.5600,226.5200,2660.6599,2668.2500,2431.5298,31JUL1989,Dow Jones Industrials-30 Stk,NONE,I0005,,,DOW
000005,,,9.5700,112.5600,226.5200,2737.2698,2758.7300,2619.8799,31AUG1989,Dow Jones Industrials-30 Stk,NONE,I0005,,,DOW
000005,,,9.5700,114.8400,225.4800,2692.8198,2768.2400,2636.7798,30SEP1989,Dow Jones Industrials-30 Stk,NONE,I0005,,,DOW
000005,,,7.8300,114.8400,225.4800,2645.0798,2809.0798,2496.9299,31OCT1989,Dow Jones Industrials-30 Stk,NONE,I0005,,,DOW
000005,,,7.8300,114.8400,225.4800,2706.2698,2718.2200,2563.1099,30NOV1989,Dow Jones Industrials-30 Stk,NONE,I0005,,,DOW
000005,1276.0000,,7.8300,93.9600,221.4800,2753.2000,2784.7698,2658.7000,31DEC1989,Dow Jones Industrials-30 Stk,NONE,I0005,,,DOW
000005,,,8.7800,93.9600,221.4800,2590.5398,2834.0398,2513.0598,31JAN1990,Dow Jones Industrials-30 Stk,NONE,I0005,,,DOW
000005,,,8.7800,93.9600,221.4800,2627.2500,2674.3198,2540.9900,28FEB1990,Dow Jones Industrials-30 Stk,NONE,I0005,,,DOW
000005,,,8.7800,105.3600,205.6000,2707.2100,2775.0000,2607.8799,31MAR1990,Dow Jones Industrials-30 Stk,NONE,I0005,,,DOW
000005,,,8.7400,105.3600,205.6000,2656.7598,2793.4700,2627.7000,30APR1990,Dow Jones Industrials-30 Stk,NONE,I0005,,,DOW
000005,,,8.7400,105.3600,205.6000,2876.6599,2908.2100,2651.3499,31MAY1990,Dow Jones Industrials-30 Stk,NONE,I0005,,,DOW
000005,,,8.7400,104.8800,207.7800,2880.6899,2956.9299,2821.5298,30JUN1990,Dow Jones Industrials-30 Stk,NONE,I0005,,,DOW
000005,,,8.4500,104.8800,207.7800,2905.2000,3024.2598,2833.1699,31JUL1990,Dow Jones Industrials-30 Stk,NONE,I0005,,,DOW
000005,,,8.4500,104.8800,207.7800,2614.3599,2931.1899,2459.4099,31AUG1990,Dow Jones Industrials-30 Stk,NONE,I0005,,,DOW
000005,,,8.4500,101.4000,193.1700,2452.4800,2665.3499,2367.8198,30SEP1990,Dow Jones Industrials-30 Stk,NONE,I0005,,,DOW
000005,,,8.6000,101.4000,193.1700,2442.3298,2565.3499,2344.3098,31OCT1990,Dow Jones Industrials-30 Stk,NONE,I0005,,,DOW
000005,,,8.6000,101.4000,193.1700,2559.6499,2581.1899,2415.5898,30NOV1990,Dow Jones Industrials-30 Stk,NONE,I0005,,,DOW
000005,1332.0000,,8.6000,103.2000,172.0500,2633.6599,2662.6199,2534.6499,31DEC1990,Dow Jones Industrials-30 Stk,NONE,I0005,,,DOW
000005,,,8.3200,103.2000,172.0500,2736.3899,2747.2798,2447.0298,31JAN1991,Dow Jones Industrials-30 Stk,NONE,I0005,,,DOW
000005,,,8.3200,103.2000,172.0500,2882.1799,2955.2000,2694.3098,28FEB1991,Dow Jones Industrials-30 Stk,NONE,I0005,,,DOW
000005,,,8.3200,99.8400,154.1700,2913.8599,3017.8198,2829.2100,31MAR1991,Dow Jones Industrials-30 Stk,NONE,I0005,,,DOW
000005,,,7.7600,99.8400,154.1700,2887.8699,3030.4500,2848.5098,30APR1991,Dow Jones Industrials-30 Stk,NONE,I0005,,,DOW
000005,,,7.7600,99.8400,154.1700,3027.5000,3044.5000,2834.5298,31MAY1991,Dow Jones Industrials-30 Stk,NONE,I0005,,,DOW
000005,,,7.7600,93.1200,131.4200,2906.7500,3057.4700,2879.2500,30JUN1991,Dow Jones Industrials-30 Stk,NONE,I0005,,,DOW
000005,,,7.8500,93.1200,131.4200,3024.8198,3039.5798,2897.3599,31JUL1991,Dow Jones Industrials-30 Stk,NONE,I0005,,,DOW
000005,,,7.8500,93.1200,131.4200,3043.5999,3068.6499,2836.3098,31AUG1991,Dow Jones Industrials-30 Stk,NONE,I0005,,,DOW
000005,,,7.8500,94.2000,100.9100,3016.7698,3066.6399,2963.0999,30SEP1991,Dow Jones Industrials-30 Stk,NONE,I0005,,,DOW
000005,,,7.8000,94.2000,100.9100,3069.0999,3091.0098,2925.5398,31OCT1991,Dow Jones Industrials-30 Stk,NONE,I0005,,,DOW
000005,,,7.8000,94.2000,100.9100,2894.6799,3091.9099,2861.1399,30NOV1991,Dow Jones Industrials-30 Stk,NONE,I0005,,,DOW
000005,1301.0000,,7.8000,93.6000,49.2700,3168.8298,3204.6099,2832.2898,31DEC1991,Dow Jones Industrials-30 Stk,NONE,I0005,,,DOW
000005,,,7.6800,93.6000,49.2700,3223.3899,3313.5098,3119.8599,31JAN1992,Dow Jones Industrials-30 Stk,NONE,I0005,,,DOW
000005,,,7.6800,93.6000,49.2700,3267.6699,3307.4700,3193.4299,29FEB1992,Dow Jones Industrials-30 Stk,NONE,I0005,,,DOW
000005,,,7.6800,92.1600,60.6200,3235.4700,3318.4299,3176.2100,31MAR1992,Dow Jones Industrials-30 Stk,NONE,I0005,,,DOW
000005,,,8.5000,92.1600,60.6200,3359.1199,3387.9700,3141.7698,30APR1992,Dow Jones Industrials-30 Stk,NONE,I0005,,,DOW
000005,,,8.5000,92.1600,60.6200,3396.8799,3433.9500,3316.6399,31MAY1992,Dow Jones Industrials-30 Stk,NONE,I0005,,,DOW
000005,,,8.5000,102.0000,71.6000,3318.5198,3435.2400,3242.2798,30JUN1992,Dow Jones Industrials-30 Stk,NONE,I0005,,,DOW
000005,,,8.6800,102.0000,71.6000,3393.7798,3414.8499,3255.4500,31JUL1992,Dow Jones Industrials-30 Stk,NONE,I0005,,,DOW
000005,,,8.6800,102.0000,71.6000,3257.3499,3413.2300,3200.8799,31AUG1992,Dow Jones Industrials-30 Stk,NONE,I0005,,,DOW
000005,,,8.6800,104.1600,84.3500,3271.6599,3391.3499,3226.5498,30SEP1992,Dow Jones Industrials-30 Stk,NONE,I0005,,,DOW
000005,,,8.7100,104.1600,84.3500,3226.2798,3291.3899,3087.4099,31OCT1992,Dow Jones Industrials-30 Stk,NONE,I0005,,,DOW
000005,,,8.7100,104.1600,84.3500,3305.1599,3326.5098,3176.8398,30NOV1992,Dow Jones Industrials-30 Stk,NONE,I0005,,,DOW
000005,1146.0000,,8.7100,104.5200,108.2500,3301.1099,3364.8699,3229.7898,31DEC1992,Dow Jones Industrials-30 Stk,NONE,I0005,,,DOW
000005,,,8.2100,104.5200,108.2500,3310.0298,3338.1199,3219.2500,31JAN1993,Dow Jones Industrials-30 Stk,NONE,I0005,,,DOW
000005,,,8.2100,104.5200,108.2500,3370.8098,3472.9399,3262.4800,28FEB1993,Dow Jones Industrials-30 Stk,NONE,I0005,,,DOW
000005,,,8.2100,98.5200,113.4300,3435.1099,3497.2500,3334.0698,31MAR1993,Dow Jones Industrials-30 Stk,NONE,I0005,,,DOW
000005,,,8.3500,98.5200,113.4300,3427.5498,3499.4099,3338.3899,30APR1993,Dow Jones Industrials-30 Stk,NONE,I0005,,,DOW
000005,,,8.3500,98.5200,113.4300,3527.4299,3582.2300,3402.4199,31MAY1993,Dow Jones Industrials-30 Stk,NONE,I0005,,,DOW
000005,,,8.3500,100.2000,84.6500,3516.0798,3577.2500,3445.7698,30JUN1993,Dow Jones Industrials-30 Stk,NONE,I0005,,,DOW
000005,,,8.2700,100.2000,84.6500,3539.4700,3604.8599,3443.2798,31JUL1993,Dow Jones Industrials-30 Stk,NONE,I0005,,,DOW
000005,,,8.2700,100.2000,84.6500,3651.2500,3681.7100,3523.5398,31AUG1993,Dow Jones Industrials-30 Stk,NONE,I0005,,,DOW
000005,,,8.2700,99.2400,104.5200,3555.1199,3665.5000,3501.4700,30SEP1993,Dow Jones Industrials-30 Stk,NONE,I0005,,,DOW
000005,,,8.3900,99.2400,104.5200,3680.5898,3713.5698,3541.7100,31OCT1993,Dow Jones Industrials-30 Stk,NONE,I0005,,,DOW
000005,,,8.3900,99.2400,104.5200,3683.9500,3749.8999,3585.8599,30NOV1993,Dow Jones Industrials-30 Stk,NONE,I0005,,,DOW
000005,1118.0000,,8.3900,100.6800,146.8400,3754.0898,3818.9199,3673.3298,31DEC1993,Dow Jones Industrials-30 Stk,NONE,I0005,,,DOW
000005,,,8.5600,100.6800,146.8400,3978.3599,4002.8398,3715.2400,31JAN1994,Dow Jones Industrials-30 Stk,NONE,I0005,,,DOW
000005,,,8.5600,100.6800,146.8400,3832.0198,3998.0598,3811.7598,28FEB1994,Dow Jones Industrials-30 Stk,NONE,I0005,,,DOW
000005,,,8.5600,102.7200,150.2200,3635.9600,3911.7798,3544.1199,31MAR1994,Dow Jones Industrials-30 Stk,NONE,I0005,,,DOW
000005,,,8.5500,102.7200,150.2200,3681.6899,3733.1499,3520.7998,30APR1994,Dow Jones Industrials-30 Stk,NONE,I0005,,,DOW
000005,,,8.5500,102.7200,150.2200,3758.3699,3788.7598,3609.7100,31MAY1994,Dow Jones Industrials-30 Stk,NONE,I0005,,,DOW
000005,,,8.5500,102.6000,194.8100,3624.9600,3839.8799,3603.9199,30JUN1994,Dow Jones Industrials-30 Stk,NONE,I0005,,,DOW
000005,,,8.9900,102.6000,194.8100,3764.5000,3782.6299,3611.0398,31JUL1994,Dow Jones Industrials-30 Stk,NONE,I0005,,,DOW
000005,,,8.9900,102.6000,194.8100,3913.4199,3954.5398,3722.4099,31AUG1994,Dow Jones Industrials-30 Stk,NONE,I0005,,,DOW
000005,,,8.9900,107.8800,213.8700,3843.1899,3972.7200,3804.5000,30SEP1994,Dow Jones Industrials-30 Stk,NONE,I0005,,,DOW
000005,,,9.1200,107.8800,213.8700,3908.1199,3958.2500,3736.2000,31OCT1994,Dow Jones Industrials-30 Stk,NONE,I0005,,,DOW
000005,,,9.1200,107.8800,213.8700,3739.2300,3919.8999,3612.0498,30NOV1994,Dow Jones Industrials-30 Stk,NONE,I0005,,,DOW
000005,1305.0000,,9.1200,109.4400,256.1299,3834.4399,3882.2100,3638.9700,31DEC1994,Dow Jones Industrials-30 Stk,NONE,I0005,,,DOW
000005,,,9.3800,109.4400,256.1299,3843.8599,3955.5598,3794.3999,31JAN1995,Dow Jones Industrials-30 Stk,NONE,I0005,,,DOW
000005,,,9.3800,109.4400,256.1299,4011.0498,4034.6199,3809.2100,28FEB1995,Dow Jones Industrials-30 Stk,NONE,I0005,,,DOW
000005,,,9.3800,112.5600,289.9700,4157.6875,4213.7070,3935.3098,31MAR1995,Dow Jones Industrials-30 Stk,NONE,I0005,,,DOW
000005,,,9.4500,112.5600,289.9700,4321.2695,4348.9375,4129.6797,30APR1995,Dow Jones Industrials-30 Stk,NONE,I0005,,,DOW
000005,,,9.4500,112.5600,289.9700,4465.1367,4480.6992,4278.7266,31MAY1995,Dow Jones Industrials-30 Stk,NONE,I0005,,,DOW
000005,,,9.4500,113.4000,318.1099,4556.0977,4614.1992,4394.5898,30JUN1995,Dow Jones Industrials-30 Stk,NONE,I0005,,,DOW
000005,,,9.9300,113.4000,318.1099,4708.4688,4767.9883,4530.2578,31JUL1995,Dow Jones Industrials-30 Stk,NONE,I0005,,,DOW
000005,,,9.9300,113.4000,318.1099,4610.5586,4772.5586,4552.7969,31AUG1995,Dow Jones Industrials-30 Stk,NONE,I0005,,,DOW
000005,,,9.9300,119.1600,327.4900,4789.0781,4839.4766,4594.7070,30SEP1995,Dow Jones Industrials-30 Stk,NONE,I0005,,,DOW
000005,,,10.0900,119.1600,327.4900,4755.4766,4845.0781,4638.4297,31OCT1995,Dow Jones Industrials-30 Stk,NONE,I0005,,,DOW
000005,,,10.0900,119.1600,327.4900,5074.4883,5143.1289,4719.7188,30NOV1995,Dow Jones Industrials-30 Stk,NONE,I0005,,,DOW
000005,1337.0000,,10.0900,121.0800,311.0198,5117.1172,5266.6875,5016.6797,31DEC1995,Dow Jones Industrials-30 Stk,NONE,I0005,,,DOW
000005,,,10.3400,121.0800,311.0198,5395.2969,5433.2383,5000.0664,31JAN1996,Dow Jones Industrials-30 Stk,NONE,I0005,,,DOW
000005,,,10.3400,121.0800,311.0198,5485.6172,5693.3594,5319.4297,29FEB1996,Dow Jones Industrials-30 Stk,NONE,I0005,,,DOW
000005,,,10.3400,124.0800,307.1399,5587.1367,5755.8594,5395.2969,31MAR1996,Dow Jones Industrials-30 Stk,NONE,I0005,,,DOW
000005,,,10.7000,124.0800,307.1399,5569.0781,5737.0664,5382.6563,30APR1996,Dow Jones Industrials-30 Stk,NONE,I0005,,,DOW
000005,,,10.7000,124.0800,307.1399,5643.1797,5833.0391,5327.7383,31MAY1996,Dow Jones Industrials-30 Stk,NONE,I0005,,,DOW
000005,,,10.7000,128.4000,319.6199,5654.6289,5770.6094,5559.6875,30JUN1996,Dow Jones Industrials-30 Stk,NONE,I0005,,,DOW
000005,,,11.1800,128.4000,319.6199,5528.9063,5769.8789,5170.1094,31JUL1996,Dow Jones Industrials-30 Stk,NONE,I0005,,,DOW
000005,,,11.1800,128.4000,319.6199,5616.2070,5761.9492,5507.8281,31AUG1996,Dow Jones Industrials-30 Stk,NONE,I0005,,,DOW
000005,,,11.1800,134.1600,339.3298,5882.1680,5952.0781,5550.3672,30SEP1996,Dow Jones Industrials-30 Stk,NONE,I0005,,,DOW
000005,,,11.5000,134.1600,339.3298,6029.3789,6162.7969,5833.7188,31OCT1996,Dow Jones Industrials-30 Stk,NONE,I0005,,,DOW
000005,,,11.5000,134.1600,339.3298,6521.6992,6606.2969,5975.3398,30NOV1996,Dow Jones Industrials-30 Stk,NONE,I0005,,,DOW
000005,1414.0000,,11.5000,138.0000,353.8799,6448.2695,6623.9570,6206.8281,31DEC1996,Dow Jones Industrials-30 Stk,NONE,I0005,,,DOW
000005,,,11.1000,138.0000,353.8799,6813.0898,6953.5469,6318.9570,31JAN1997,Dow Jones Industrials-30 Stk,NONE,I0005,,,DOW
000005,,,11.1000,138.0000,353.8799,6877.7383,7112.8672,6683.3984,28FEB1997,Dow Jones Industrials-30 Stk,NONE,I0005,,,DOW
000005,,,11.1000,133.2000,375.0398,6583.4766,7158.2773,6532.4883,31MAR1997,Dow Jones Industrials-30 Stk,NONE,I0005,,,DOW
000005,,,11.0700,133.2000,375.0398,7008.9883,7081.2266,6315.8398,30APR1997,Dow Jones Industrials-30 Stk,NONE,I0005,,,DOW
000005,,,11.0700,133.2000,375.0398,7331.0391,7430.1992,6891.3867,31MAY1997,Dow Jones Industrials-30 Stk,NONE,I0005,,,DOW
000005,,,11.0700,132.8400,373.7200,7672.7891,7868.4375,7214.2891,30JUN1997,Dow Jones Industrials-30 Stk,NONE,I0005,,,DOW
000005,,,11.4400,132.8400,373.7200,8222.6094,8328.9883,7613.5273,31JUL1997,Dow Jones Industrials-30 Stk,NONE,I0005,,,DOW
000005,,,11.4400,132.8400,373.7200,7622.4180,8340.1367,7580.8477,31AUG1997,Dow Jones Industrials-30 Stk,NONE,I0005,,,DOW
000005,,,11.4400,137.2800,384.1199,7945.2578,8078.3594,7556.2266,30SEP1997,Dow Jones Industrials-30 Stk,NONE,I0005,,,DOW
000005,,,11.7500,137.2800,384.1199,7442.0781,8218.3398,6936.4492,31OCT1997,Dow Jones Industrials-30 Stk,NONE,I0005,,,DOW
000005,,,11.7600,137.2800,384.1199,7823.1289,7934.5273,7334.7695,30NOV1997,Dow Jones Industrials-30 Stk,NONE,I0005,,,DOW
000005,1594.1400,,11.7600,141.0800,391.2898,7908.2500,8209.5586,7563.2266,31DEC1997,Dow Jones Industrials-30 Stk,NONE,I0005,,,DOW
000005,,,12.0770,141.0800,391.2898,7906.5000,8072.9063,7391.5898,31JAN1998,Dow Jones Industrials-30 Stk,NONE,I0005,,,DOW
000005,,,12.0770,141.0800,391.2898,8545.7188,8616.7188,7987.4570,28FEB1998,Dow Jones Industrials-30 Stk,NONE,I0005,,,DOW
000005,,,12.0760,144.9200,387.4400,8799.8086,8997.1094,8377.3164,31MAR1998,Dow Jones Industrials-30 Stk,NONE,I0005,,,DOW
000005,,,12.3300,144.9200,387.4400,9063.3700,9287.3200,8715.6100,30APR1998,Dow Jones Industrials-30 Stk,NONE,I0005,,,DOW
000005,,,12.3300,144.9200,387.4400,8899.9500,9311.9800,8760.9500,31MAY1998,Dow Jones Industrials-30 Stk,NONE,I0005,,,DOW
000005,,,12.3200,147.9200,390.2500,8952.0200,9155.0400,8524.5500,30JUN1998,Dow Jones Industrials-30 Stk,NONE,I0005,,,DOW
000005,,,12.8900,147.9200,390.2500,8883.2900,9412.6400,8786.4800,31JUL1998,Dow Jones Industrials-30 Stk,NONE,I0005,,,DOW
000005,,,12.8900,147.9200,390.2500,7539.0700,8948.1700,7517.7000,31AUG1998,Dow Jones Industrials-30 Stk,NONE,I0005,,,DOW
000005,,,12.8800,154.6400,367.0200,7842.6200,8253.7900,7379.7000,30SEP1998,Dow Jones Industrials-30 Stk,NONE,I0005,,,DOW
000005,,,13.0870,154.6400,367.0200,8592.1000,8718.2500,7399.3800,31OCT1998,Dow Jones Industrials-30 Stk,NONE,I0005,,,DOW
000005,,,13.0870,154.6400,367.0200,9116.5500,9457.9500,8573.5600,30NOV1998,Dow Jones Industrials-30 Stk,NONE,I0005,,,DOW
000005,1691.6800,,13.0860,157.0400,383.3500,9181.4300,9390.7500,8610.6300,31DEC1998,Dow Jones Industrials-30 Stk,NONE,I0005,,,DOW
000005,,,13.4000,157.0400,383.3500,9358.8300,9751.4600,8994.2600,31JAN1999,Dow Jones Industrials-30 Stk,NONE,I0005,,,DOW
000005,,,13.4000,157.0400,383.3500,9306.5800,9662.7700,9025.4100,28FEB1999,Dow Jones Industrials-30 Stk,NONE,I0005,,,DOW
000005,,,13.4000,160.8000,394.2400,9786.1600,10158.5700,9163.4100,31MAR1999,Dow Jones Industrials-30 Stk,NONE,I0005,,,DOW
000005,,,14.5300,160.8000,394.2400,10789.0400,11072.2500,9707.9100,30APR1999,Dow Jones Industrials-30 Stk,NONE,I0005,,,DOW
000005,,,14.5300,160.8000,394.2400,10559.7400,11244.3600,10372.9600,31MAY1999,Dow Jones Industrials-30 Stk,NONE,I0005,,,DOW
000005,,,14.5300,174.3600,419.9900,10970.8000,11120.2400,10334.4200,30JUN1999,Dow Jones Industrials-30 Stk,NONE,I0005,,,DOW
000005,,,14.7660,174.3600,419.9900,10655.1500,11321.6100,10594.9900,31JUL1999,Dow Jones Industrials-30 Stk,NONE,I0005,,,DOW
000005,,,14.7670,174.3600,419.9900,10829.2800,11428.9400,10487.3200,31AUG1999,Dow Jones Industrials-30 Stk,NONE,I0005,,,DOW
000005,,,14.7670,177.2000,483.5400,10336.9500,11218.3900,10055.1700,30SEP1999,Dow Jones Industrials-30 Stk,NONE,I0005,,,DOW
000005,,,13.4760,177.2000,483.5400,10729.8600,10883.1000,9884.2000,31OCT1999,Dow Jones Industrials-30 Stk,NONE,I0005,,,DOW
000005,,,13.4770,177.2000,483.5400,10877.8100,11195.3400,10449.4200,30NOV1999,Dow Jones Industrials-30 Stk,NONE,I0005,,,DOW
000005,1638.1000,,13.4770,161.7200,477.2200,11497.1200,11658.6800,10798.0700,31DEC1999,Dow Jones Industrials-30 Stk,NONE,I0005,,,DOW
000005,,,13.0233,161.7200,477.2200,10940.5300,11908.5000,10610.4300,31JAN2000,Dow Jones Industrials-30 Stk,NONE,I0005,,,DOW
000005,,,13.0233,161.7200,477.2200,10128.3100,11228.4400,9760.3600,29FEB2000,Dow Jones Industrials-30 Stk,NONE,I0005,,,DOW
000005,,,13.0234,156.2800,499.0600,10921.9200,11311.2800,9611.7500,31MAR2000,Dow Jones Industrials-30 Stk,NONE,I0005,,,DOW
000005,,,13.9333,156.2800,499.0600,10733.9100,11600.1200,10129.2400,30APR2000,Dow Jones Industrials-30 Stk,NONE,I0005,,,DOW
000005,,,13.9333,156.2800,499.0600,10522.3300,11086.7200,10162.6000,31MAY2000,Dow Jones Industrials-30 Stk,NONE,I0005,,,DOW
000005,,,13.9334,167.2000,514.7500,10447.8900,11013.0500,10161.5100,30JUN2000,Dow Jones Industrials-30 Stk,NONE,I0005,,,DOW
000005,,,14.8030,167.2000,514.7500,10521.9800,10980.3400,10303.2800,31JUL2000,Dow Jones Industrials-30 Stk,NONE,I0005,,,DOW
000005,,,14.8030,167.2000,514.7500,11215.1000,11415.9900,10428.5800,31AUG2000,Dow Jones Industrials-30 Stk,NONE,I0005,,,DOW
000005,,,14.8040,177.6400,504.3900,10650.9200,11518.8300,10439.3100,30SEP2000,Dow Jones Industrials-30 Stk,NONE,I0005,,,DOW
000005,,,15.6000,177.6400,504.3900,10971.1400,11108.7900,9571.4000,31OCT2000,Dow Jones Industrials-30 Stk,NONE,I0005,,,DOW
000005,,,15.6000,177.6400,504.3900,10414.4900,11152.0200,10204.8000,30NOV2000,Dow Jones Industrials-30 Stk,NONE,I0005,,,DOW
000005,1315.1600,,15.6000,187.2000,485.1400,10786.8500,11044.7000,10158.1500,31DEC2000,Dow Jones Industrials-30 Stk,NONE,I0005,,,DOW
000005,,,14.5400,187.2000,485.1400,10887.3600,11224.4100,10325.7100,31JAN2001,Dow Jones Industrials-30 Stk,NONE,I0005,,,DOW
000005,,,14.5400,187.2000,485.1400,10495.2800,11140.0900,10225.1400,28FEB2001,Dow Jones Industrials-30 Stk,NONE,I0005,,,DOW
000005,,,14.5400,174.4800,457.9300,9878.7900,10940.4500,9047.5600,31MAR2001,Dow Jones Industrials-30 Stk,NONE,I0005,,,DOW
000005,,,14.7530,174.4800,457.9300,10734.9700,10973.1500,9303.4800,30APR2001,Dow Jones Industrials-30 Stk,NONE,I0005,,,DOW
000005,,,14.7530,174.4800,457.9300,10911.9400,11436.4200,10638.4800,31MAY2001,Dow Jones Industrials-30 Stk,NONE,I0005,,,DOW
000005,,,14.7540,177.0400,390.2300,10502.4000,11236.6800,10313.4000,30JUN2001,Dow Jones Industrials-30 Stk,NONE,I0005,,,DOW
000005,,,15.0100,177.0400,390.2300,10522.8100,10758.1400,10049.3800,31JUL2001,Dow Jones Industrials-30 Stk,NONE,I0005,,,DOW
000005,,,15.0100,177.0400,390.2300,9949.7500,10663.0700,9829.3500,31AUG2001,Dow Jones Industrials-30 Stk,NONE,I0005,,,DOW
000005,,,15.0000,180.0800,358.1800,8847.5600,10238.5000,7926.9300,30SEP2001,Dow Jones Industrials-30 Stk,NONE,I0005,,,DOW
000005,,,16.0560,180.0800,358.1800,9075.1400,9626.5400,8659.9000,31OCT2001,Dow Jones Industrials-30 Stk,NONE,I0005,,,DOW
000005,,,16.0570,180.0800,358.1800,9851.5600,10054.5800,8987.6100,30NOV2001,Dow Jones Industrials-30 Stk,NONE,I0005,,,DOW
000005,,,16.0570,192.6800,369.5100,10021.5000,10220.7800,9651.8700,31DEC2001,Dow Jones Industrials-30 Stk,NONE,I0005,,,DOW
000005,,,14.2100,192.6800,369.5100,9920.0000,10345.4000,9443.3200,31JAN2002,Dow Jones Industrials-30 Stk,NONE,I0005,,,DOW
000005,,,14.2100,192.6800,369.5100,10106.1300,10315.7200,9503.5200,28FEB2002,Dow Jones Industrials-30 Stk,NONE,I0005,,,DOW
000005,,,14.2100,170.5200,,10403.9400,10728.8700,10086.5100,31MAR2002,Dow Jones Industrials-30 Stk,NONE,I0005,,,DOW
000005,,,16.4533,170.5200,,9946.2200,10437.2900,9767.1500,30APR2002,Dow Jones Industrials-30 Stk,NONE,I0005,,,DOW
000005,,,16.4533,170.5200,,9925.2500,10400.6200,9749.8500,31MAY2002,Dow Jones Industrials-30 Stk,NONE,I0005,,,DOW
000005,,,16.4533,197.4400,,9243.2600,10016.0500,8831.9200,30JUN2002,Dow Jones Industrials-30 Stk,NONE,I0005,,,DOW
000005,,,14.6333,197.4400,,8736.5900,9433.0800,7489.5400,31JUL2002,Dow Jones Industrials-30 Stk,NONE,I0005,,,DOW
000005,,,14.6333,197.4400,,8663.5000,9129.1000,7991.4300,31AUG2002,Dow Jones Industrials-30 Stk,NONE,I0005,,,DOW
000005,,,14.6333,175.6000,,7591.9300,8767.8200,7422.2600,30SEP2002,Dow Jones Industrials-30 Stk,NONE,I0005,,,DOW
000005,,,17.9300,175.6000,,8397.0300,8607.0400,7177.6600,31OCT2002,Dow Jones Industrials-30 Stk,NONE,I0005,,,DOW
000005,,,17.9300,175.6000,,8896.0900,8995.7800,8237.6500,30NOV2002,Dow Jones Industrials-30 Stk,NONE,I0005,,,DOW
000005,,,17.9300,215.1600,,8341.6300,9076.3400,8214.9300,31DEC2002,Dow Jones Industrials-30 Stk,NONE,I0005,,,DOW
000005,,,15.5799,215.1600,,8053.8100,8896.0900,7884.6600,31JAN2003,Dow Jones Industrials-30 Stk,NONE,I0005,,,DOW
000005,,,15.5799,215.1600,,7891.0800,8189.3500,7602.8100,28FEB2003,Dow Jones Industrials-30 Stk,NONE,I0005,,,DOW
000005,,,15.5799,186.9599,,7992.1300,8552.0800,7397.3100,31MAR2003,Dow Jones Industrials-30 Stk,NONE,I0005,,,DOW
000005,,,17.8967,186.9599,,8480.0900,8587.7200,7947.3800,30APR2003,Dow Jones Industrials-30 Stk,NONE,I0005,,,DOW
000005,,,17.8967,186.9599,,8850.2600,8897.0400,8328.5500,31MAY2003,Dow Jones Industrials-30 Stk,NONE,I0005,,,DOW
000005,,,17.8967,214.7604,,8985.4400,9406.4900,8823.5100,30JUN2003,Dow Jones Industrials-30 Stk,NONE,I0005,,,DOW
000005,,,17.5866,214.7604,,9233.8000,9398.0200,8843.6100,31JUL2003,Dow Jones Industrials-30 Stk,NONE,I0005,,,DOW
000005,,,17.5866,214.7604,,9415.8200,9535.9700,8964.1200,31AUG2003,Dow Jones Industrials-30 Stk,NONE,I0005,,,DOW
000005,,,17.5866,211.0392,,9275.0600,9719.4900,9199.4300,30SEP2003,Dow Jones Industrials-30 Stk,NONE,I0005,,,DOW
000005,,,19.5600,211.0392,,9801.1200,9901.6400,9285.1300,31OCT2003,Dow Jones Industrials-30 Stk,NONE,I0005,,,DOW
000005,,,19.5600,211.0392,,9782.4600,9945.7100,9556.6800,30NOV2003,Dow Jones Industrials-30 Stk,NONE,I0005,,,DOW
000005,,,19.5600,234.7200,,10453.9200,10494.4400,9777.6400,31DEC2003,Dow Jones Industrials-30 Stk,NONE,I0005,,,DOW
000005,,,17.2900,234.7200,,10488.0700,10748.8100,10341.1900,31JAN2004,Dow Jones Industrials-30 Stk,NONE,I0005,,,DOW
000005,,,17.2900,234.7200,,10583.9200,10794.9500,10394.8100,29FEB2004,Dow Jones Industrials-30 Stk,NONE,I0005,,,DOW
000005,,,17.2900,207.4800,,10357.7000,10720.1400,9975.8600,31MAR2004,Dow Jones Industrials-30 Stk,NONE,I0005,,,DOW
000005,,,17.3533,207.4800,,10225.5700,10596.3700,10198.3900,30APR2004,Dow Jones Industrials-30 Stk,NONE,I0005,,,DOW
000005,,,17.3533,207.4800,,10188.4500,10403.1400,9822.1000,31MAY2004,Dow Jones Industrials-30 Stk,NONE,I0005,,,DOW
000005,,,17.3533,208.2396,,10435.4800,10530.0100,10104.0700,30JUN2004,Dow Jones Industrials-30 Stk,NONE,I0005,,,DOW
000005,,,17.8200,208.2396,,10139.7100,10473.2300,9874.3800,31JUL2004,Dow Jones Industrials-30 Stk,NONE,I0005,,,DOW
000005,,,17.8200,208.2396,,10173.9200,10235.4900,9746.6000,31AUG2004,Dow Jones Industrials-30 Stk,NONE,I0005,,,DOW
000005,,,17.8200,213.8400,,10080.2700,10390.6400,9950.7100,30SEP2004,Dow Jones Industrials-30 Stk,NONE,I0005,,,DOW
000005,,,27.2900,213.8400,,10027.4700,10313.8100,9660.1800,31OCT2004,Dow Jones Industrials-30 Stk,NONE,I0005,,,DOW
000005,,,27.2900,213.8400,,10428.0200,10655.0900,9953.2900,30NOV2004,Dow Jones Industrials-30 Stk,NONE,I0005,,,DOW
000005,,,27.2900,327.5200,,10783.0100,10895.1000,10389.8100,31DEC2004,Dow Jones Industrials-30 Stk,NONE,I0005,,,DOW
000005,,,19.0499,327.5200,,10489.9400,10892.6700,10317.1000,31JAN2005,Dow Jones Industrials-30 Stk,NONE,I0005,,,DOW
000005,,,19.0499,327.5200,,10766.2300,10889.7800,10464.3800,28FEB2005,Dow Jones Industrials-30 Stk,NONE,I0005,,,DOW
000005,,,19.0499,228.6000,,10503.7600,11027.1500,10351.7600,31MAR2005,Dow Jones Industrials-30 Stk,NONE,I0005,,,DOW
000005,,,20.1767,228.6000,,10192.5100,10600.5600,9961.5200,30APR2005,Dow Jones Industrials-30 Stk,NONE,I0005,,,DOW
000005,,,20.1767,228.6000,,10467.4800,10589.9200,10062.7600,31MAY2005,Dow Jones Industrials-30 Stk,NONE,I0005,,,DOW
000005,,,20.1767,242.1204,,10274.9700,10710.3800,10229.4000,30JUN2005,Dow Jones Industrials-30 Stk,NONE,I0005,,,DOW
000005,,,20.1800,242.1204,,10640.9100,10754.6000,10142.2400,31JUL2005,Dow Jones Industrials-30 Stk,NONE,I0005,,,DOW
000005,,,20.1800,242.1204,,10481.6000,10746.8700,10321.4200,31AUG2005,Dow Jones Industrials-30 Stk,NONE,I0005,,,DOW
000005,,,20.1800,242.1600,,10568.7000,10743.7700,10303.5100,30SEP2005,Dow Jones Industrials-30 Stk,NONE,I0005,,,DOW
000005,,,22.8767,242.1600,,10440.0700,10637.0000,10098.1800,31OCT2005,Dow Jones Industrials-30 Stk,NONE,I0005,,,DOW
000005,,,22.8767,242.1600,,10805.8700,10997.5000,10347.7000,30NOV2005,Dow Jones Industrials-30 Stk,NONE,I0005,,,DOW
000005,,,22.8767,274.5200,,10717.5000,10985.0100,10675.6400,31DEC2005,Dow Jones Industrials-30 Stk,NONE,I0005,,,DOW
000005,,,20.7100,274.5200,,10864.8600,11099.1500,10607.3600,31JAN2006,Dow Jones Industrials-30 Stk,NONE,I0005,,,DOW
000005,,,20.7100,274.5200,,10993.4100,11198.7300,10691.9700,28FEB2006,Dow Jones Industrials-30 Stk,NONE,I0005,,,DOW
000005,,,20.7100,248.5200,,11109.3200,11364.3400,10885.3500,31MAR2006,Dow Jones Industrials-30 Stk,NONE,I0005,,,DOW
000005,,,21.2967,248.5200,,11367.1400,11468.1600,11017.4300,30APR2006,Dow Jones Industrials-30 Stk,NONE,I0005,,,DOW
000005,,,21.2967,248.5200,,11168.3100,11709.0900,10980.2900,31MAY2006,Dow Jones Industrials-30 Stk,NONE,I0005,,,DOW
000005,,,21.2967,255.5600,,11150.2200,11329.2800,10653.2300,30JUN2006,Dow Jones Industrials-30 Stk,NONE,I0005,,,DOW
000005,,,21.7100,255.5600,,11185.6800,11301.5800,10658.3500,31JUL2006,Dow Jones Industrials-30 Stk,NONE,I0005,,,DOW
000005,,,21.7100,255.5600,,11381.1500,11452.9500,10998.0600,31AUG2006,Dow Jones Industrials-30 Stk,NONE,I0005,,,DOW
000005,,,21.7100,260.5200,,11679.0700,11782.4900,11273.8900,30SEP2006,Dow Jones Industrials-30 Stk,NONE,I0005,,,DOW
000005,,,25.5300,260.5200,,12080.7300,12236.1000,11608.2300,31OCT2006,Dow Jones Industrials-30 Stk,NONE,I0005,,,DOW
000005,,,25.5300,260.5200,,12221.9300,12409.3100,11928.9700,30NOV2006,Dow Jones Industrials-30 Stk,NONE,I0005,,,DOW
000005,,,25.5300,306.4000,,12463.1500,12566.1700,12070.5200,31DEC2006,Dow Jones Industrials-30 Stk,NONE,I0005,,,DOW
000005,,,22.9200,306.4000,,12621.6900,12685.5400,12298.5900,31JAN2007,Dow Jones Industrials-30 Stk,NONE,I0005,,,DOW
000005,,,22.9200,306.4000,,12268.6300,12845.7600,12078.8500,28FEB2007,Dow Jones Industrials-30 Stk,NONE,I0005,,,DOW
000005,,,22.9200,275.0400,,12354.3500,12550.0700,11926.7900,31MAR2007,Dow Jones Industrials-30 Stk,NONE,I0005,,,DOW
000005,,,23.3633,275.0400,,13062.9100,13226.9900,12284.5400,30APR2007,Dow Jones Industrials-30 Stk,NONE,I0005,,,DOW
000005,,,23.3633,275.0400,,13627.6400,13718.8200,12993.0200,31MAY2007,Dow Jones Industrials-30 Stk,NONE,I0005,,,DOW
000005,,,23.3633,280.3600,,13408.6200,13756.6900,13205.0800,30JUN2007,Dow Jones Industrials-30 Stk,NONE,I0005,,,DOW
000005,,,24.0433,280.3600,,13211.9900,14121.0400,13143.8700,31JUL2007,Dow Jones Industrials-30 Stk,NONE,I0005,,,DOW
000005,,,24.0433,280.3600,,13357.7400,13769.6300,12455.9200,31AUG2007,Dow Jones Industrials-30 Stk,NONE,I0005,,,DOW
000005,,,24.0433,288.4800,,13895.6300,13994.6400,12992.0200,30SEP2007,Dow Jones Industrials-30 Stk,NONE,I0005,,,DOW
000005,,,29.3400,288.4800,,13930.0100,14279.9600,13337.9000,31OCT2007,Dow Jones Industrials-30 Stk,NONE,I0005,,,DOW
000005,,,29.3400,288.4800,,13371.7200,13875.8700,12707.2600,30NOV2007,Dow Jones Industrials-30 Stk,NONE,I0005,,,DOW
000005,,,29.3400,352.0800,,13264.8200,13850.9200,13059.3200,31DEC2007,Dow Jones Industrials-30 Stk,NONE,I0005,,,DOW
000005,,,26.0500,352.0800,,12650.3600,13338.2300,11508.7400,31JAN2008,Dow Jones Industrials-30 Stk,NONE,I0005,,,DOW
000005,,,26.0500,352.0800,,12266.3900,12841.8800,12006.7900,29FEB2008,Dow Jones Industrials-30 Stk,NONE,I0005,,,DOW
000005,,,26.0500,312.6000,,12262.8900,12687.6100,11650.4400,31MAR2008,Dow Jones Industrials-30 Stk,NONE,I0005,,,DOW
000005,,,26.9433,312.6000,,12820.1300,13052.9100,12208.4200,30APR2008,Dow Jones Industrials-30 Stk,NONE,I0005,,,DOW
000005,,,26.9433,312.6000,,12638.3200,13191.4900,12397.5600,31MAY2008,Dow Jones Industrials-30 Stk,NONE,I0005,,,DOW
000005,,,26.9433,323.3200,,11350.0100,12652.8100,11226.3400,30JUN2008,Dow Jones Industrials-30 Stk,NONE,I0005,,,DOW
000005,,,26.0900,323.3200,,11378.0200,11820.2100,10731.9600,31JUL2008,Dow Jones Industrials-30 Stk,NONE,I0005,,,DOW
000005,,,26.0900,323.3200,,11543.9600,11933.5500,11144.5900,31AUG2008,Dow Jones Industrials-30 Stk,NONE,I0005,,,DOW
000005,,,26.0900,313.0800,,10850.6600,11831.2900,10266.7600,30SEP2008,Dow Jones Industrials-30 Stk,NONE,I0005,,,DOW
000005,,,26.3833,313.0800,,9325.0100,11022.0600,7773.7100,31OCT2008,Dow Jones Industrials-30 Stk,NONE,I0005,,,DOW
000005,,,26.3833,313.0800,,8829.0400,9711.4600,7392.2700,30NOV2008,Dow Jones Industrials-30 Stk,NONE,I0005,,,DOW
000005,,,26.3833,316.6000,,8776.3900,9151.6100,8072.4700,31DEC2008,Dow Jones Industrials-30 Stk,NONE,I0005,,,DOW
000005,,,24.5100,316.6000,,8000.8600,9175.1900,7856.8600,31JAN2009,Dow Jones Industrials-30 Stk,NONE,I0005,,,DOW
000005,,,24.5100,316.6000,,7062.9300,8376.5600,6952.0600,28FEB2009,Dow Jones Industrials-30 Stk,NONE,I0005,,,DOW
000005,,,24.5100,294.1200,,7608.9200,7969.0000,6440.0800,31MAR2009,Dow Jones Industrials-30 Stk,NONE,I0005,,,DOW
000005,,,22.2267,294.1200,,8168.1200,8383.8100,7450.7400,30APR2009,Dow Jones Industrials-30 Stk,NONE,I0005,,,DOW
000005,,,22.2267,294.1200,,8500.3300,8657.9600,8047.5400,31MAY2009,Dow Jones Industrials-30 Stk,NONE,I0005,,,DOW
000005,,,22.2267,266.7204,,8447.0000,8911.1100,8236.0700,30JUN2009,Dow Jones Industrials-30 Stk,NONE,I0005,,,DOW
000005,,,22.3000,266.7204,,9171.6100,9298.1300,8057.5700,31JUL2009,Dow Jones Industrials-30 Stk,NONE,I0005,,,DOW
000005,,,22.3000,266.7204,,9496.2800,9666.7100,9078.2800,31AUG2009,Dow Jones Industrials-30 Stk,NONE,I0005,,,DOW
000005,,,22.3000,267.6000,,9712.2800,9937.7200,9223.0800,30SEP2009,Dow Jones Industrials-30 Stk,NONE,I0005,,,DOW
000005,,,23.4233,267.6000,,9712.7300,10157.9400,9378.7700,31OCT2009,Dow Jones Industrials-30 Stk,NONE,I0005,,,DOW
000005,,,23.4233,267.6000,,10344.8400,10524.4000,9647.0600,30NOV2009,Dow Jones Industrials-30 Stk,NONE,I0005,,,DOW
000005,,,23.4233,281.0800,,10428.0500,10605.6500,10207.2900,31DEC2009,Dow Jones Industrials-30 Stk,NONE,I0005,,,DOW
000005,,,22.9766,281.0800,,10067.3300,10767.1500,10014.3500,31JAN2010,Dow Jones Industrials-30 Stk,NONE,I0005,,,DOW
000005,,,22.9766,281.0800,,10325.2600,10468.5500,9822.8400,28FEB2010,Dow Jones Industrials-30 Stk,NONE,I0005,,,DOW
000005,,,22.9766,275.7200,,10856.6300,10985.2600,10320.0500,31MAR2010,Dow Jones Industrials-30 Stk,NONE,I0005,,,DOW
000005,,,23.6867,275.7200,,11008.6100,11308.9500,10810.1500,30APR2010,Dow Jones Industrials-30 Stk,NONE,I0005,,,DOW
000005,,,23.6867,275.7200,,10136.6300,11203.3700,9756.1100,31MAY2010,Dow Jones Industrials-30 Stk,NONE,I0005,,,DOW
000005,,,23.6867,284.2400,,9774.0200,10993.0400,9726.3300,30JUN2010,Dow Jones Industrials-30 Stk,NONE,I0005,,,DOW
000005,,,23.8233,284.2400,,10465.9400,10632.5200,9596.0400,31JUL2010,Dow Jones Industrials-30 Stk,NONE,I0005,,,DOW
000005,,,23.8233,284.2400,,10014.7200,10755.6600,9915.7300,31AUG2010,Dow Jones Industrials-30 Stk,NONE,I0005,,,DOW
000005,,,23.8233,285.8800,,10788.0500,10960.9900,10102.2100,30SEP2010,Dow Jones Industrials-30 Stk,NONE,I0005,,,DOW
000005,,,25.1400,285.8800,,11118.4900,11266.3000,10682.6600,31OCT2010,Dow Jones Industrials-30 Stk,NONE,I0005,,,DOW
000005,,,25.1400,285.8800,,11006.0200,11505.8300,10906.4600,30NOV2010,Dow Jones Industrials-30 Stk,NONE,I0005,,,DOW
000005,,,25.1400,301.6800,,11577.5100,11655.0400,11128.0600,31DEC2010,Dow Jones Industrials-30 Stk,NONE,I0005,,,DOW
000005,,,24.5967,301.6800,,11891.9300,12072.1700,11545.8700,31JAN2011,Dow Jones Industrials-30 Stk,NONE,I0005,,,DOW
000005,,,24.5967,301.6800,,12226.3400,12417.9700,11893.9000,28FEB2011,Dow Jones Industrials-30 Stk,NONE,I0005,,,DOW
000005,,,24.5967,295.5996,,12319.7300,12422.9600,11548.1400,31MAR2011,Dow Jones Industrials-30 Stk,NONE,I0005,,,DOW
000005,,,26.3100,295.5996,,12810.5400,12885.9200,12060.8200,30APR2011,Dow Jones Industrials-30 Stk,NONE,I0005,,,DOW
000005,,,26.3100,295.5996,,12569.7900,12928.4500,12271.9000,31MAY2011,Dow Jones Industrials-30 Stk,NONE,I0005,,,DOW
000005,,,26.3100,315.7200,,12414.3400,12568.7300,11821.9600,30JUN2011,Dow Jones Industrials-30 Stk,NONE,I0005,,,DOW
000005,,,26.4333,315.7200,,12143.2400,12794.0000,12044.2100,31JUL2011,Dow Jones Industrials-30 Stk,NONE,I0005,,,DOW
000005,,,26.4333,315.7200,,11613.5300,12320.9400,10588.5500,31AUG2011,Dow Jones Industrials-30 Stk,NONE,I0005,,,DOW
000005,,,26.4333,317.2000,,10913.3800,11733.1100,10572.2000,30SEP2011,Dow Jones Industrials-30 Stk,NONE,I0005,,,DOW
000005,,,28.6333,317.2000,,11955.0100,12303.1600,10362.2600,31OCT2011,Dow Jones Industrials-30 Stk,NONE,I0005,,,DOW
000005,,,28.6333,317.2000,,12045.6800,12212.0700,11192.8100,30NOV2011,Dow Jones Industrials-30 Stk,NONE,I0005,,,DOW
000005,,,28.6333,343.6000,,12217.5600,12357.3800,11728.4600,31DEC2011,Dow Jones Industrials-30 Stk,NONE,I0005,,,DOW
000005,,,27.5800,343.6000,,12632.9100,12884.6300,12260.6200,31JAN2012,Dow Jones Industrials-30 Stk,NONE,I0005,,,DOW
000005,,,27.5800,343.6000,,12952.0700,13087.1600,12650.2400,29FEB2012,Dow Jones Industrials-30 Stk,NONE,I0005,,,DOW
000005,,,27.5800,330.9600,,13212.0400,13331.7700,12701.3300,31MAR2012,Dow Jones Industrials-30 Stk,NONE,I0005,,,DOW
000005,,,28.8900,330.9600,,13213.6300,13316.8600,12715.9300,30APR2012,Dow Jones Industrials-30 Stk,NONE,I0005,,,DOW
000005,,,28.8900,330.9600,,12393.4500,13359.6200,12289.2700,31MAY2012,Dow Jones Industrials-30 Stk,NONE,I0005,,,DOW
000005,,,28.8900,346.6800,,12880.0900,12917.3700,12003.7500,30JUN2012,Dow Jones Industrials-30 Stk,NONE,I0005,,,DOW
000005,,,28.9500,346.6800,,13008.6800,13158.0800,12446.6200,31JUL2012,Dow Jones Industrials-30 Stk,NONE,I0005,,,DOW
000005,,,28.9500,346.6800,,13090.8400,13359.4300,12765.2800,31AUG2012,Dow Jones Industrials-30 Stk,NONE,I0005,,,DOW
000005,,,28.9500,347.4000,,13437.1300,13697.8200,12949.0200,30SEP2012,Dow Jones Industrials-30 Stk,NONE,I0005,,,DOW
000005,,,31.2400,347.4000,,13096.4600,13703.5300,13012.8300,31OCT2012,Dow Jones Industrials-30 Stk,NONE,I0005,,,DOW
000005,,,31.2400,347.4000,,13025.5800,13327.6500,12438.4400,30NOV2012,Dow Jones Industrials-30 Stk,NONE,I0005,,,DOW
000005,,,31.2400,374.8800,,13104.1400,13412.8400,12857.0500,31DEC2012,Dow Jones Industrials-30 Stk,NONE,I0005,,,DOW
000005,,,28.8800,374.8800,,13860.5800,14013.6500,13247.9400,31JAN2013,Dow Jones Industrials-30 Stk,NONE,I0005,,,DOW
000005,,,28.8800,374.8800,,14054.4900,14173.5000,13390.3100,28FEB2013,Dow Jones Industrials-30 Stk,NONE,I0005,,,DOW
000005,,,28.8800,346.5600,,14578.5400,14633.9800,13920.7100,31MAR2013,Dow Jones Industrials-30 Stk,NONE,I0005,,,DOW
000005,,,31.4633,346.5600,,14839.8000,14932.6800,14386.7800,30APR2013,Dow Jones Industrials-30 Stk,NONE,I0005,,,DOW
000005,,,31.4633,346.5600,,15115.5700,15542.4000,14687.0500,31MAY2013,Dow Jones Industrials-30 Stk,NONE,I0005,,,DOW
000005,,,31.4633,377.5600,,14909.6000,15340.0900,14551.2700,30JUN2013,Dow Jones Industrials-30 Stk,NONE,I0005,,,DOW
000005,,,28.5500,377.5600,,15499.5400,15634.3200,14858.9300,31JUL2013,Dow Jones Industrials-30 Stk,NONE,I0005,,,DOW
000005,,,28.5500,377.5600,,14810.3100,15658.4300,14760.4100,31AUG2013,Dow Jones Industrials-30 Stk,NONE,I0005,,,DOW
000005,,,28.5500,342.6000,,15129.6700,15709.5800,14777.4800,30SEP2013,Dow Jones Industrials-30 Stk,NONE,I0005,,,DOW
000005,,,31.1367,342.6000,,15545.7500,15721.0000,14719.4300,31OCT2013,Dow Jones Industrials-30 Stk,NONE,I0005,,,DOW
000005,,,31.1367,342.6000,,16086.4100,16174.5100,15522.1800,30NOV2013,Dow Jones Industrials-30 Stk,NONE,I0005,,,DOW
000005,,,31.1367,342.6000,,16576.6600,16588.2500,15703.7900,31DEC2013,Dow Jones Industrials-30 Stk,NONE,I0005,,,DOW
000005,,,30.6467,373.6400,,15698.8500,16573.0700,15617.5500,31JAN2014,Dow Jones Industrials-30 Stk,NONE,I0005,,,DOW
000005,,,30.6467,373.6400,,16321.7100,16398.9500,15340.6900,28FEB2014,Dow Jones Industrials-30 Stk,NONE,I0005,,,DOW
000005,,,30.6467,367.7600,,16457.6600,16505.7000,16046.9900,31MAR2014,Dow Jones Industrials-30 Stk,NONE,I0005,,,DOW
000005,,,31.7333,367.7600,,16580.8400,16631.6300,16015.3200,30APR2014,Dow Jones Industrials-30 Stk,NONE,I0005,,,DOW
000005,,,31.7333,367.7600,,16717.1700,16735.5100,16341.3000,31MAY2014,Dow Jones Industrials-30 Stk,NONE,I0005,,,DOW
000005,,,31.7333,380.8000,,16826.6000,16978.0200,16673.6500,30JUN2014,Dow Jones Industrials-30 Stk,NONE,I0005,,,DOW
000005,,,,380.8000,,16563.3000,17151.5600,16563.3000,31JUL2014,Dow Jones Industrials-30 Stk,NONE,I0005,,,DOW
000005,,,,380.8000,,17098.4500,17153.8000,16333.7800,31AUG2014,Dow Jones Industrials-30 Stk,NONE,I0005,,,DOW
000005,,,,380.8000,,17042.9000,17350.6400,16934.4300,30SEP2014,Dow Jones Industrials-30 Stk,NONE,I0005,,,DOW
